{
  "actorWeights": [
    [
      -0.5626665953093157,
      4.04010657395049,
      0.19140534510471333,
      -1.0775265617120162,
      0.28283831869943565
    ],
    [
      -1.7983491170300376,
      -2.9446561757443206,
      -1.707046184397598,
      -0.6268978900597265,
      -0.875118249470564
    ],
    [
      5.275176631365428,
      -0.759498902987581,
      -0.4632578446351292,
      -0.25823415012057505,
      0.23252973652052847
    ],
    [
      -2.5349983293185274,
      -1.1557214256064123,
      -0.5275684288142584,
      -1.4179127890901428,
      -1.1603924030199617
    ],
    [
      11.607994084078799,
      11.730639233235713,
      -7.878763682178362,
      -8.07737101775305,
      -1.3539060040605158
    ],
    [
      -11.256401274087914,
      12.479963000056268,
      17.125897921081005,
      -11.46380075292785,
      -6.418828494296699
    ],
    [
      13.902729768350923,
      -9.68531514317787,
      -13.495622834572156,
      13.88799424134791,
      3.0703791660825983
    ],
    [
      -13.410915582497628,
      -11.38224415558555,
      16.725323335057137,
      13.657593893427213,
      -1.7212855294956075
    ]
  ],
  "criticWeights": [
    8.675086376659845,
    9.534787635558931,
    42.841376200606554,
    31.20574319918384,
    -43.463086252202096
  ],
  "bestReward": 10089.51499999999,
  "bestCircles": 700,
  "currentGeneration": 620,
  "numIndividuals": 20,
  "numGenerations": 100,
  "episodesPerIndividual": 50,
  "mutationRate": 0.05,
  "learningRateActor": 0.001,
  "learningRateCritic": 0.005,
  "gamma": 0.99,
  "numElitism": 3,
  "collectionDistanceThreshold": 10,
  "stagnationPenalty": -0.2,
  "stagnationThresholdSteps": 30,
  "actionChangePenalty": -0.02,
  "timestamp": "2025-06-14T17:57:52.349Z"
}